{"cameraMode":{"drawMode":0,"name":"Shaded","section":"Shading Mode"},"sceneLighting":false,"audioPlay":false,"sceneViewState":{"showFog":true,"showMaterialUpdate":false,"showSkybox":false,"showFlares":true,"showImageEffects":true,"showParticleSystems":true,"showVisualEffectGraphs":true,"m_FxEnabled":true},"in2DMode":false,"pivot":{"x":0.000008046627044677734,"y":0.163059800863266,"z":0.1670220047235489},"rotation":{"x":0.46514835953712466,"y":0.01725783757865429,"z":-0.009076251648366452,"w":0.8850291967391968},"size":0.8787672519683838,"orthographic":false}